<metadata xml:lang="en"><Esri><CreaDate>20131231</CreaDate><CreaTime>14353600</CreaTime><SyncOnce>FALSE</SyncOnce><ArcGISFormat>1.0</ArcGISFormat><ArcGISstyle>FGDC CSDGM Metadata</ArcGISstyle><DataProperties><itemProps><itemLocation><linkage Sync="TRUE">file://\\corp.windsor\GIS\Current\Open Data Files\Open Data 2020\May\Libraries\RATSRATSRATS_UTM83\Libraries_UTM83.shp</linkage><protocol Sync="TRUE">Local Area Network</protocol></itemLocation><itemName Sync="TRUE">Libraries_UTM83</itemName><imsContentType Sync="TRUE">002</imsContentType><nativeExtBox><westBL Sync="TRUE">1008826.699686</westBL><eastBL Sync="TRUE">1054910.880401</eastBL><southBL Sync="TRUE">1823133.199644</southBL><northBL Sync="TRUE">1879281.619581</northBL><exTypeCode Sync="TRUE">1</exTypeCode></nativeExtBox><itemSize Sync="TRUE">0.000</itemSize></itemProps><lineage><Process ToolSource="C:\Program Files (x86)\ArcGIS\Desktop10.0\ArcToolbox\Toolboxes\Data Management Tools.tbx\CalculateField" Date="20110906" Time="093814" Name="" export="">CalculateField "Facility Site Points" FACILITYID ""FAC-" &amp; [OBJECTID]" VB #</Process><Process ToolSource="C:\Program Files (x86)\ArcGIS\Desktop10.0\ArcToolbox\Toolboxes\Data Management Tools.tbx\CalculateField" Date="20110906" Time="133825" Name="" export="">CalculateField "Facility Site Points" OWNTYPE "Municipal" VB #</Process><Process ToolSource="C:\Program Files (x86)\ArcGIS\Desktop10.0\ArcToolbox\Toolboxes\Data Management Tools.tbx\CalculateField" Date="20110906" Time="133913" Name="" export="">CalculateField "Facility Site Points" OWNER "Naperville Park District" VB #</Process><Process ToolSource="C:\Program Files\ArcGIS\Desktop10.0\ArcToolbox\Toolboxes\Data Management Tools.tbx\CalculateField" Date="20130319" Time="141734">CalculateField "Facility Site Points" FACILITYID "100+ [OBJECTID]" VB #</Process><Process ToolSource="C:\Program Files\ArcGIS\Desktop10.0\ArcToolbox\Toolboxes\Data Management Tools.tbx\CalculateField" Date="20130319" Time="145716">CalculateField "Facility Site Points" SUBTYPEFIELD 820 VB #</Process><Process ToolSource="C:\Program Files\ArcGIS\Desktop10.0\ArcToolbox\Toolboxes\Data Management Tools.tbx\CalculateField" Date="20130319" Time="145904">CalculateField "Facility Site Points" FEATURECODE "Sports Complex" VB #</Process><Process ToolSource="C:\Program Files\ArcGIS\Desktop10.0\ArcToolbox\Toolboxes\Data Management Tools.tbx\CalculateField" Date="20130319" Time="150047">CalculateField "Facility Site Points" FEATURECODE "Ice Arena" VB #</Process><Process ToolSource="C:\Program Files\ArcGIS\Desktop10.0\ArcToolbox\Toolboxes\Data Management Tools.tbx\CalculateField" Date="20130319" Time="151357">CalculateField "Facility Site Points" SUBTYPEFIELD "Public Attractions and Landmark Buildings" VB #</Process><Process ToolSource="C:\Program Files\ArcGIS\Desktop10.0\ArcToolbox\Toolboxes\Data Management Tools.tbx\CalculateField" Date="20130319" Time="151424">CalculateField "Facility Site Points" SUBTYPEFIELD 820 VB #</Process><Process ToolSource="C:\Program Files\ArcGIS\Desktop10.0\ArcToolbox\Toolboxes\Data Management Tools.tbx\CalculateField" Date="20130319" Time="151438">CalculateField "Facility Site Points" FEATURECODE "Library" VB #</Process><Process ToolSource="C:\Program Files\ArcGIS\Desktop10.0\ArcToolbox\Toolboxes\Data Management Tools.tbx\CalculateField" Date="20130319" Time="151527">CalculateField "Facility Site Points" FEATURECODE "Fire Station / EMS Station" VB #</Process><Process ToolSource="C:\Program Files\ArcGIS\Desktop10.0\ArcToolbox\Toolboxes\Data Management Tools.tbx\CalculateField" Date="20130326" Time="134907">CalculateField "Facility Site Points" SUBTYPEFIELD "Public Attractions and Landmark Buildings" VB #</Process><Process ToolSource="C:\Program Files\ArcGIS\Desktop10.0\ArcToolbox\Toolboxes\Data Management Tools.tbx\CalculateField" Date="20130326" Time="135959">CalculateField "Facility Site Points" SUBTYPEFIELD 820 VB #</Process><Process ToolSource="C:\Program Files\ArcGIS\Desktop10.0\ArcToolbox\Toolboxes\Data Management Tools.tbx\CalculateField" Date="20130326" Time="140011">CalculateField "Facility Site Points" FEATURECODE "Park" VB #</Process><Process ToolSource="C:\Program Files\ArcGIS\Desktop10.0\ArcToolbox\Toolboxes\Data Management Tools.tbx\CalculateField" Date="20130326" Time="140038">CalculateField "Facility Site Points" FACILITYID [OBJECTID]+100 VB #</Process><Process ToolSource="C:\Program Files\ArcGIS\Desktop10.0\ArcToolbox\Toolboxes\Data Management Tools.tbx\CalculateField" Date="20130326" Time="140124">CalculateField "Facility Site Points" NAME "[NAME]&amp; " PARK"" VB #</Process><Process ToolSource="C:\Program Files\ArcGIS\Desktop10.0\ArcToolbox\Toolboxes\Data Management Tools.tbx\CalculateField" Date="20130402" Time="104408">CalculateField FacilitySitePoint_72K FACAREA 100000 VB #</Process><Process ToolSource="C:\Program Files\ArcGIS\Desktop10.0\ArcToolbox\Toolboxes\Data Management Tools.tbx\CalculateField" Date="20130402" Time="105751">CalculateField FacilitySitePoint_1K FACAREA 50000 VB #</Process><Process ToolSource="C:\Program Files\ArcGIS\Desktop10.0\ArcToolbox\Toolboxes\Data Management Tools.tbx\CalculateField" Date="20130402" Time="110119">CalculateField FacilitySitePoint_1K FACAREA 50000 VB #</Process><Process ToolSource="C:\Program Files\ArcGIS\Desktop10.0\ArcToolbox\Toolboxes\Data Management Tools.tbx\CalculateField" Date="20130416" Time="103955">CalculateField "Parks and Recreation Areas" FULLADDR "400 CHS" VB #</Process><Process ToolSource="C:\Program Files\ArcGIS\Desktop10.0\ArcToolbox\Toolboxes\Data Management Tools.tbx\CalculateField" Date="20130416" Time="105536">CalculateField "Parks and Recreation Areas" FACILITYID ""FAC-"&amp; [OBJECTID]-153" VB #</Process><Process ToolSource="C:\Program Files\ArcGIS\Desktop10.0\ArcToolbox\Toolboxes\Data Management Tools.tbx\CalculateField" Date="20130423" Time="153209">CalculateField Libraries PHONE "519-255-6770" VB #</Process><Process ToolSource="C:\Program Files\ArcGIS\Desktop10.0\ArcToolbox\Toolboxes\Data Management Tools.tbx\CalculateField" Date="20130430" Time="111834">CalculateField "Facility Site Points" FEATURECODE 820 VB #</Process><Process ToolSource="C:\Program Files\ArcGIS\Desktop10.0\ArcToolbox\Toolboxes\Data Management Tools.tbx\CalculateField" Date="20130430" Time="111909">CalculateField "Facility Site Points" FEATURECODE "Park" VB #</Process><Process ToolSource="C:\Program Files\ArcGIS\Desktop10.0\ArcToolbox\Toolboxes\Data Management Tools.tbx\CalculateField" Date="20130430" Time="111926">CalculateField "Facility Site Points" SUBTYPEFIELD 820 VB #</Process><Process ToolSource="c:\program files\arcgis\desktop10.1\ArcToolbox\Toolboxes\Data Management Tools.tbx\CalculateField" Date="20130905" Time="142124">CalculateField citysitesall ADDRESS [FULLADDR] VB #</Process><Process ToolSource="c:\program files\arcgis\desktop10.1\ArcToolbox\Toolboxes\Data Management Tools.tbx\CalculateField" Date="20130905" Time="142204">CalculateField citysitesall SITETYPE [FEATURECOD] VB #</Process><Process ToolSource="c:\program files\arcgis\desktop10.1\ArcToolbox\Toolboxes\Data Management Tools.tbx\CalculateField" Date="20130905" Time="142520">CalculateField citysitesall FACILITYID ""C-"&amp; [FACILITYID]" VB #</Process><Process ToolSource="c:\program files\arcgis\desktop10.1\ArcToolbox\Toolboxes\Data Management Tools.tbx\Project" Date="20130905" Time="145615">Project citysitesall "K:\Users\Larisa Johnstone\GDB temp files\citysitesall_Project.shp" PROJCS['NAD_1983_UTM_Zone_17N',GEOGCS['GCS_North_American_1983',DATUM['D_North_American_1983',SPHEROID['GRS_1980',6378137.0,298.2572221]],PRIMEM['Greenwich',0.0],UNIT['Degree',0.0174532925199433]],PROJECTION['Transverse_Mercator'],PARAMETER['False_Easting',500000.0],PARAMETER['False_Northing',0.0],PARAMETER['Central_Meridian',-81.0],PARAMETER['Scale_Factor',0.9996],PARAMETER['Latitude_Of_Origin',0.0],UNIT['Meter',1.0]] WGS_1984_(ITRF00)_To_NAD_1983 PROJCS['WGS_1984_Web_Mercator_Auxiliary_Sphere',GEOGCS['GCS_WGS_1984',DATUM['D_WGS_1984',SPHEROID['WGS_1984',6378137.0,298.257223563]],PRIMEM['Greenwich',0.0],UNIT['Degree',0.0174532925199433]],PROJECTION['Mercator_Auxiliary_Sphere'],PARAMETER['False_Easting',0.0],PARAMETER['False_Northing',0.0],PARAMETER['Central_Meridian',0.0],PARAMETER['Standard_Parallel_1',0.0],PARAMETER['Auxiliary_Sphere_Type',0.0],UNIT['Meter',1.0]]</Process><Process ToolSource="c:\program files\arcgis\desktop10.1\ArcToolbox\Toolboxes\Data Management Tools.tbx\Append" Date="20130905" Time="154039">Append 'MunicipalParkingLots selection' citysitesall_Project NO_TEST "OBJECTID "OBJECTID" true false false 9 Long 0 9 ,First,#;FACILITYID "FACILITYID" true false false 50 Text 0 0 ,First,#;NAME "NAME" true false false 254 Text 0 0 ,First,#,K:\MappMyCity\City of Windsor GDB\GDBCityofWindsor.gdb\CitySites\MunicipalParkingLots,NAME,-1,-1;ADDRESS "ADDRESS" true false false 250 Text 0 0 ,First,#,K:\MappMyCity\City of Windsor GDB\GDBCityofWindsor.gdb\CitySites\MunicipalParkingLots,ADDRESS,-1,-1;SITETYPE "SITETYPE" true false false 50 Text 0 0 ,First,#" #</Process><Process ToolSource="c:\program files\arcgis\desktop10.1\ArcToolbox\Toolboxes\Conversion Tools.tbx\FeatureClassToFeatureClass" Date="20130916" Time="090610">FeatureClassToFeatureClass "K:\Users\Larisa Johnstone\GDB temp files\citysitesall_Project.shp" "K:\MappMyCity\City of Windsor GDB\GDBCityofWindsor.gdb\CitySites" AllCitySites # "OBJECTID "OBJECTID" true true false 9 Long 0 9 ,First,#,K:\Users\Larisa Johnstone\GDB temp files\citysitesall_Project.shp,OBJECTID,-1,-1;FACILITYID "FACILITYID" true true false 50 Text 0 0 ,First,#,K:\Users\Larisa Johnstone\GDB temp files\citysitesall_Project.shp,FACILITYID,-1,-1;NAME "NAME" true true false 254 Text 0 0 ,First,#,K:\Users\Larisa Johnstone\GDB temp files\citysitesall_Project.shp,NAME,-1,-1;ADDRESS "ADDRESS" true true false 250 Text 0 0 ,First,#,K:\Users\Larisa Johnstone\GDB temp files\citysitesall_Project.shp,ADDRESS,-1,-1;SITETYPE "SITETYPE" true true false 50 Text 0 0 ,First,#,K:\Users\Larisa Johnstone\GDB temp files\citysitesall_Project.shp,SITETYPE,-1,-1" #</Process><Process ToolSource="c:\program files\arcgis\desktop10.1\ArcToolbox\Toolboxes\Data Management Tools.tbx\CalculateField" Date="20131231" Time="095042">CalculateField "City Facilities" AMMENITY "City Parking" VB #</Process><Process ToolSource="c:\program files\arcgis\desktop10.1\ArcToolbox\Toolboxes\Data Management Tools.tbx\CalculateField" Date="20131231" Time="095134">CalculateField "City Facilities" AMMENITY "[ADDRESS] &amp;"City Parking"" VB #</Process><Process ToolSource="c:\program files\arcgis\desktop10.1\ArcToolbox\Toolboxes\Data Management Tools.tbx\CalculateField" Date="20131231" Time="095154">CalculateField "City Facilities" AMMENITY "[ADDRESS] &amp; ", City Parking"" VB #</Process><Process ToolSource="c:\program files\arcgis\desktop10.1\ArcToolbox\Toolboxes\Data Management Tools.tbx\CalculateField" Date="20131231" Time="102244">CalculateField "City Facilities" FACILITYURL "http://www.citywindsor.ca/residents/Facilities-for-Rent/Pages/Facilities-for-Rent.aspx" VB #</Process><Process ToolSource="c:\program files\arcgis\desktop10.1\ArcToolbox\Toolboxes\Data Management Tools.tbx\CalculateField" Date="20131231" Time="102540">CalculateField "City Facilities" FACILITYURL "http://www.citywindsor.ca/Pages/home.aspx" VB #</Process><Process ToolSource="c:\program files\arcgis\desktop10.1\ArcToolbox\Toolboxes\Data Management Tools.tbx\CalculateField" Date="20131231" Time="102633">CalculateField "City Facilities" FACILITYURL "http://www.citywindsor.ca/residents/Facilities-for-Rent/Pages/Facilities-for-Rent.aspx" VB #</Process><Process ToolSource="c:\program files\arcgis\desktop10.1\ArcToolbox\Toolboxes\Data Management Tools.tbx\CalculateField" Date="20131231" Time="103012">CalculateField "City Facilities" FACILITYURL "http://www.windsorpubliclibrary.com/?page_id=126" VB #</Process><Process ToolSource="c:\program files\arcgis\desktop10.1\ArcToolbox\Toolboxes\Data Management Tools.tbx\CalculateField" Date="20131231" Time="103141">CalculateField "City Facilities" FACILITYURL "http://www.citywindsor.ca/residents/facilities-for-rent/pages/outdoor-pools.aspx" VB #</Process><Process ToolSource="c:\program files\arcgis\desktop10.1\ArcToolbox\Toolboxes\Data Management Tools.tbx\CalculateField" Date="20131231" Time="103301">CalculateField "City Facilities" FACILITYURL "http://www.citywindsor.ca/residents/traffic-and-parking/on-off-street-parking/pages/off-street-lots.aspx" VB #</Process><Process ToolSource="c:\program files (x86)\arcgis\desktop10.2\ArcToolbox\Toolboxes\Data Management Tools.tbx\CalculateField" Date="20161124" Time="142120">CalculateField Libraries SITETYPE "Library/Libraries" VB #</Process><Process ToolSource="c:\program files (x86)\arcgis\desktop10.6\ArcToolbox\Toolboxes\Conversion Tools.tbx\FeatureClassToFeatureClass" Date="20200505" Time="153210">FeatureClassToFeatureClass "\\smapdv01\arcgisserver\City of Windsor GDB\GDBCityofWindsor.gdb\Library" "K:\Open Data Files\Open Data 2020\May\Libraries\RATSRATSRATS" Libraries # "NAME "NAME" true true false 254 Text 0 0 ,First,#,\\smapdv01\arcgisserver\City of Windsor GDB\GDBCityofWindsor.gdb/CitySites/Library,NAME,-1,-1;ADDRESS "ADDRESS" true true false 250 Text 0 0 ,First,#,\\smapdv01\arcgisserver\City of Windsor GDB\GDBCityofWindsor.gdb/CitySites/Library,ADDRESS,-1,-1;URL "URL" true true false 254 Text 0 0 ,First,#,\\smapdv01\arcgisserver\City of Windsor GDB\GDBCityofWindsor.gdb/CitySites/Library,FACILITYURL,-1,-1" #</Process><Process ToolSource="c:\program files (x86)\arcgis\desktop10.6\ArcToolbox\Toolboxes\Conversion Tools.tbx\FeatureClassToFeatureClass" Date="20200505" Time="153212">FeatureClassToFeatureClass "K:\Open Data Files\Open Data 2020\May\Libraries\RATSRATSRATS\Libraries.shp" "K:\Open Data Files\Open Data 2020\May\Libraries\RATSRATSRATS_UTM83" Libraries_UTM83 # "NAME "NAME" true true false 254 Text 0 0 ,First,#,K:\Open Data Files\Open Data 2020\May\Libraries\RATSRATSRATS\Libraries.shp,NAME,-1,-1;ADDRESS "ADDRESS" true true false 250 Text 0 0 ,First,#,K:\Open Data Files\Open Data 2020\May\Libraries\RATSRATSRATS\Libraries.shp,ADDRESS,-1,-1;URL "URL" true true false 254 Text 0 0 ,First,#,K:\Open Data Files\Open Data 2020\May\Libraries\RATSRATSRATS\Libraries.shp,URL,-1,-1" #</Process><Process ToolSource="c:\program files\arcgis\pro\Resources\ArcToolbox\Toolboxes\Data Management Tools.tbx\Rename" Date="20210218" Time="141543">Rename "C:\Users\leddemo\Desktop\ArcGISPro_Workshop\ArcGIS Pro\Data\Libraries_UTM83.shp" "C:\Users\leddemo\Desktop\ArcGISPro_Workshop\ArcGIS Pro\Data\Libraries.shp" ShapeFile</Process></lineage><coordRef><type Sync="TRUE">Projected</type><geogcsn Sync="TRUE">GCS_North_American_1983</geogcsn><csUnits Sync="TRUE">Linear Unit: Meter (1.000000)</csUnits><projcsn Sync="TRUE">NAD_1983_UTM_Zone_17N</projcsn><peXml Sync="TRUE">&lt;ProjectedCoordinateSystem xsi:type='typens:ProjectedCoordinateSystem' xmlns:xsi='http://www.w3.org/2001/XMLSchema-instance' xmlns:xs='http://www.w3.org/2001/XMLSchema' xmlns:typens='http://www.esri.com/schemas/ArcGIS/10.6'&gt;&lt;WKT&gt;PROJCS[&amp;quot;NAD_1983_UTM_Zone_17N&amp;quot;,GEOGCS[&amp;quot;GCS_North_American_1983&amp;quot;,DATUM[&amp;quot;D_North_American_1983&amp;quot;,SPHEROID[&amp;quot;GRS_1980&amp;quot;,6378137.0,298.257222101]],PRIMEM[&amp;quot;Greenwich&amp;quot;,0.0],UNIT[&amp;quot;Degree&amp;quot;,0.0174532925199433]],PROJECTION[&amp;quot;Transverse_Mercator&amp;quot;],PARAMETER[&amp;quot;False_Easting&amp;quot;,500000.0],PARAMETER[&amp;quot;False_Northing&amp;quot;,0.0],PARAMETER[&amp;quot;Central_Meridian&amp;quot;,-81.0],PARAMETER[&amp;quot;Scale_Factor&amp;quot;,0.9996],PARAMETER[&amp;quot;Latitude_Of_Origin&amp;quot;,0.0],UNIT[&amp;quot;Meter&amp;quot;,1.0],AUTHORITY[&amp;quot;EPSG&amp;quot;,26917]]&lt;/WKT&gt;&lt;XOrigin&gt;-5120900&lt;/XOrigin&gt;&lt;YOrigin&gt;-9998100&lt;/YOrigin&gt;&lt;XYScale&gt;450445547.3910538&lt;/XYScale&gt;&lt;ZOrigin&gt;-100000&lt;/ZOrigin&gt;&lt;ZScale&gt;10000&lt;/ZScale&gt;&lt;MOrigin&gt;-100000&lt;/MOrigin&gt;&lt;MScale&gt;10000&lt;/MScale&gt;&lt;XYTolerance&gt;0.001&lt;/XYTolerance&gt;&lt;ZTolerance&gt;0.001&lt;/ZTolerance&gt;&lt;MTolerance&gt;0.001&lt;/MTolerance&gt;&lt;HighPrecision&gt;true&lt;/HighPrecision&gt;&lt;WKID&gt;26917&lt;/WKID&gt;&lt;LatestWKID&gt;26917&lt;/LatestWKID&gt;&lt;/ProjectedCoordinateSystem&gt;</peXml></coordRef></DataProperties><SyncDate>20200505</SyncDate><SyncTime>15321200</SyncTime><ModDate>20200505</ModDate><ModTime>15321200</ModTime><ArcGISProfile>FGDC</ArcGISProfile></Esri><idinfo><descript><abstract>Points that represent significant facility locations in a community. Examples include schools, government facilities, stadiums, casinos, and fire stations. In some cases, there may be multiple FacilitySitePoints for a single FacilitySite polygon. Additional information about each Facility can be organized in to seperate tables and related to these locations using the FacilityID key. The feature classification and type schema for the facility sites grew out of work with the Department of Homeland Security's HSIP Program and has evolved to support a diverse set of facilities inventoried for a variety of uses by a local government. </abstract><purpose>Facility Site Points</purpose></descript><keywords><theme><themekt>X-Ray</themekt><themekey>Building; Critical Insfrastructure</themekey></theme></keywords><spdom><bounding><westbc>NaN</westbc><eastbc>NaN</eastbc><northbc>NaN</northbc><southbc>NaN</southbc></bounding></spdom></idinfo><eainfo><detailed Name="Libraries_UTM83"><attr><attrlabl Sync="TRUE">SHAPE</attrlabl><attalias Sync="TRUE">Shape</attalias><attrtype Sync="TRUE">Geometry</attrtype><attwidth Sync="TRUE">0</attwidth><atprecis Sync="TRUE">0</atprecis><attscale Sync="TRUE">0</attscale><attrdef Sync="TRUE">Feature geometry.</attrdef><attrdefs Sync="TRUE">ESRI</attrdefs><attrdomv><udom Sync="TRUE">Coordinates defining the features.</udom></attrdomv></attr><attr><attrlabl Sync="TRUE">NAME</attrlabl><attalias Sync="TRUE">NAME</attalias><attrtype Sync="TRUE">String</attrtype><attwidth Sync="TRUE">254</attwidth><atprecis Sync="TRUE">0</atprecis><attscale Sync="TRUE">0</attscale><attrdef Sync="TRUE">The name of the facility</attrdef></attr><enttyp><enttypl Sync="TRUE">Libraries_UTM83</enttypl><enttypt Sync="TRUE">Feature Class</enttypt><enttypc Sync="TRUE">0</enttypc></enttyp><subtype><stname Sync="TRUE">Agriculture, Food, and Livestock</stname><stcode Sync="TRUE">701</stcode><stfield><stfldnm Sync="TRUE">OWNTYPE</stfldnm><stflddd><domname Sync="TRUE">OwnerType</domname><domdesc Sync="TRUE">The type of owner</domdesc><domtype Sync="TRUE">Coded Value</domtype><mrgtype Sync="TRUE">Default value</mrgtype><splttype Sync="TRUE">Duplicate</splttype><domowner Sync="TRUE"/><domfldtp Sync="TRUE">String</domfldtp></stflddd></stfield><stfield><stfldnm Sync="TRUE">SUBTYPEFIELD</stfldnm><stflddv Sync="TRUE">701</stflddv></stfield><stfield><stfldnm Sync="TRUE">FEATURECODE</stfldnm><stflddv Sync="TRUE">Agriculture or Livestock Structure</stflddv><stflddd><domname Sync="TRUE">Agriculture Food and Livestock FCode</domname><domdesc Sync="TRUE">The type of agriculture, food and livestock facility</domdesc><domtype Sync="TRUE">Coded Value</domtype><mrgtype Sync="TRUE">Default value</mrgtype><splttype Sync="TRUE">Default value</splttype><domowner Sync="TRUE"/><domfldtp Sync="TRUE">String</domfldtp></stflddd></stfield><stfield><stfldnm Sync="TRUE">CAPTUREMETH</stfldnm><stflddd><domname Sync="TRUE">PointCollectionMethod</domname><domdesc Sync="TRUE">The collection method for a point feature</domdesc><domtype Sync="TRUE">Coded Value</domtype><mrgtype Sync="TRUE">Default value</mrgtype><splttype Sync="TRUE">Duplicate</splttype><domowner Sync="TRUE"/><domfldtp Sync="TRUE">String</domfldtp></stflddd></stfield><stfield><stfldnm Sync="TRUE">LOCATIONTYPE</stfldnm><stflddd><domname Sync="TRUE">SiteAddressLocation</domname><domdesc Sync="TRUE">A general description of the physical location represented by the site address point</domdesc><domtype Sync="TRUE">Coded Value</domtype><mrgtype Sync="TRUE">Default value</mrgtype><splttype Sync="TRUE">Duplicate</splttype><domowner Sync="TRUE"/><domfldtp Sync="TRUE">String</domfldtp></stflddd></stfield></subtype><subtype><stname Sync="TRUE">Industry</stname><stcode Sync="TRUE">710</stcode><stfield><stfldnm Sync="TRUE">OWNTYPE</stfldnm><stflddd><domname Sync="TRUE">OwnerType</domname><domdesc Sync="TRUE">The type of owner</domdesc><domtype Sync="TRUE">Coded Value</domtype><mrgtype Sync="TRUE">Default value</mrgtype><splttype Sync="TRUE">Duplicate</splttype><domowner Sync="TRUE"/><domfldtp Sync="TRUE">String</domfldtp></stflddd></stfield><stfield><stfldnm Sync="TRUE">SUBTYPEFIELD</stfldnm><stflddv Sync="TRUE">710</stflddv></stfield><stfield><stfldnm Sync="TRUE">FEATURECODE</stfldnm><stflddv Sync="TRUE">Industrial Facility</stflddv><stflddd><domname Sync="TRUE">Industry FCode</domname><domdesc Sync="TRUE">The type of industrial facility</domdesc><domtype Sync="TRUE">Coded Value</domtype><mrgtype Sync="TRUE">Default value</mrgtype><splttype Sync="TRUE">Default value</splttype><domowner Sync="TRUE"/><domfldtp Sync="TRUE">String</domfldtp></stflddd></stfield><stfield><stfldnm Sync="TRUE">CAPTUREMETH</stfldnm><stflddd><domname Sync="TRUE">PointCollectionMethod</domname><domdesc Sync="TRUE">The collection method for a point feature</domdesc><domtype Sync="TRUE">Coded Value</domtype><mrgtype Sync="TRUE">Default value</mrgtype><splttype Sync="TRUE">Duplicate</splttype><domowner Sync="TRUE"/><domfldtp Sync="TRUE">String</domfldtp></stflddd></stfield><stfield><stfldnm Sync="TRUE">LOCATIONTYPE</stfldnm><stflddd><domname Sync="TRUE">SiteAddressLocation</domname><domdesc Sync="TRUE">A general description of the physical location represented by the site address point</domdesc><domtype Sync="TRUE">Coded Value</domtype><mrgtype Sync="TRUE">Default value</mrgtype><splttype Sync="TRUE">Duplicate</splttype><domowner Sync="TRUE"/><domfldtp Sync="TRUE">String</domfldtp></stflddd></stfield></subtype><subtype><stname Sync="TRUE">Commercial and Retail</stname><stcode Sync="TRUE">720</stcode><stfield><stfldnm Sync="TRUE">OWNTYPE</stfldnm><stflddd><domname Sync="TRUE">OwnerType</domname><domdesc Sync="TRUE">The type of owner</domdesc><domtype Sync="TRUE">Coded Value</domtype><mrgtype Sync="TRUE">Default value</mrgtype><splttype Sync="TRUE">Duplicate</splttype><domowner Sync="TRUE"/><domfldtp Sync="TRUE">String</domfldtp></stflddd></stfield><stfield><stfldnm Sync="TRUE">SUBTYPEFIELD</stfldnm><stflddv Sync="TRUE">720</stflddv></stfield><stfield><stfldnm Sync="TRUE">FEATURECODE</stfldnm><stflddv Sync="TRUE">Commercial or Retail Facility</stflddv><stflddd><domname Sync="TRUE">Commercial and Retail FCode</domname><domdesc Sync="TRUE">The type of commercial or retail facility</domdesc><domtype Sync="TRUE">Coded Value</domtype><mrgtype Sync="TRUE">Default value</mrgtype><splttype Sync="TRUE">Default value</splttype><domowner Sync="TRUE"/><domfldtp Sync="TRUE">String</domfldtp></stflddd></stfield><stfield><stfldnm Sync="TRUE">CAPTUREMETH</stfldnm><stflddd><domname Sync="TRUE">PointCollectionMethod</domname><domdesc Sync="TRUE">The collection method for a point feature</domdesc><domtype Sync="TRUE">Coded Value</domtype><mrgtype Sync="TRUE">Default value</mrgtype><splttype Sync="TRUE">Duplicate</splttype><domowner Sync="TRUE"/><domfldtp Sync="TRUE">String</domfldtp></stflddd></stfield><stfield><stfldnm Sync="TRUE">LOCATIONTYPE</stfldnm><stflddd><domname Sync="TRUE">SiteAddressLocation</domname><domdesc Sync="TRUE">A general description of the physical location represented by the site address point</domdesc><domtype Sync="TRUE">Coded Value</domtype><mrgtype Sync="TRUE">Default value</mrgtype><splttype Sync="TRUE">Duplicate</splttype><domowner Sync="TRUE"/><domfldtp Sync="TRUE">String</domfldtp></stflddd></stfield></subtype><subtype><stname Sync="TRUE">Education</stname><stcode Sync="TRUE">730</stcode><stfield><stfldnm Sync="TRUE">OWNTYPE</stfldnm><stflddd><domname Sync="TRUE">OwnerType</domname><domdesc Sync="TRUE">The type of owner</domdesc><domtype Sync="TRUE">Coded Value</domtype><mrgtype Sync="TRUE">Default value</mrgtype><splttype Sync="TRUE">Duplicate</splttype><domowner Sync="TRUE"/><domfldtp Sync="TRUE">String</domfldtp></stflddd></stfield><stfield><stfldnm Sync="TRUE">SUBTYPEFIELD</stfldnm><stflddv Sync="TRUE">730</stflddv></stfield><stfield><stfldnm Sync="TRUE">FEATURECODE</stfldnm><stflddv Sync="TRUE">Education Facility</stflddv><stflddd><domname Sync="TRUE">Education FCode</domname><domdesc Sync="TRUE">The type of educational facility</domdesc><domtype Sync="TRUE">Coded Value</domtype><mrgtype Sync="TRUE">Default value</mrgtype><splttype Sync="TRUE">Default value</splttype><domowner Sync="TRUE"/><domfldtp Sync="TRUE">String</domfldtp></stflddd></stfield><stfield><stfldnm Sync="TRUE">CAPTUREMETH</stfldnm><stflddd><domname Sync="TRUE">PointCollectionMethod</domname><domdesc Sync="TRUE">The collection method for a point feature</domdesc><domtype Sync="TRUE">Coded Value</domtype><mrgtype Sync="TRUE">Default value</mrgtype><splttype Sync="TRUE">Duplicate</splttype><domowner Sync="TRUE"/><domfldtp Sync="TRUE">String</domfldtp></stflddd></stfield><stfield><stfldnm Sync="TRUE">LOCATIONTYPE</stfldnm><stflddd><domname Sync="TRUE">SiteAddressLocation</domname><domdesc Sync="TRUE">A general description of the physical location represented by the site address point</domdesc><domtype Sync="TRUE">Coded Value</domtype><mrgtype Sync="TRUE">Default value</mrgtype><splttype Sync="TRUE">Duplicate</splttype><domowner Sync="TRUE"/><domfldtp Sync="TRUE">String</domfldtp></stflddd></stfield></subtype><subtype><stname Sync="TRUE">Emergency Response and Law Enforcement</stname><stcode Sync="TRUE">740</stcode><stfield><stfldnm Sync="TRUE">OWNTYPE</stfldnm><stflddd><domname Sync="TRUE">OwnerType</domname><domdesc Sync="TRUE">The type of owner</domdesc><domtype Sync="TRUE">Coded Value</domtype><mrgtype Sync="TRUE">Default value</mrgtype><splttype Sync="TRUE">Duplicate</splttype><domowner Sync="TRUE"/><domfldtp Sync="TRUE">String</domfldtp></stflddd></stfield><stfield><stfldnm Sync="TRUE">SUBTYPEFIELD</stfldnm><stflddv Sync="TRUE">740</stflddv></stfield><stfield><stfldnm Sync="TRUE">FEATURECODE</stfldnm><stflddv Sync="TRUE">Emergency Response or Law Enforcement Facility</stflddv><stflddd><domname Sync="TRUE">Emergency Response and Law Enforcement FCode</domname><domdesc Sync="TRUE">The type of emergency response or law enforcement facility</domdesc><domtype Sync="TRUE">Coded Value</domtype><mrgtype Sync="TRUE">Default value</mrgtype><splttype Sync="TRUE">Default value</splttype><domowner Sync="TRUE"/><domfldtp Sync="TRUE">String</domfldtp></stflddd></stfield><stfield><stfldnm Sync="TRUE">CAPTUREMETH</stfldnm><stflddd><domname Sync="TRUE">PointCollectionMethod</domname><domdesc Sync="TRUE">The collection method for a point feature</domdesc><domtype Sync="TRUE">Coded Value</domtype><mrgtype Sync="TRUE">Default value</mrgtype><splttype Sync="TRUE">Duplicate</splttype><domowner Sync="TRUE"/><domfldtp Sync="TRUE">String</domfldtp></stflddd></stfield><stfield><stfldnm Sync="TRUE">LOCATIONTYPE</stfldnm><stflddd><domname Sync="TRUE">SiteAddressLocation</domname><domdesc Sync="TRUE">A general description of the physical location represented by the site address point</domdesc><domtype Sync="TRUE">Coded Value</domtype><mrgtype Sync="TRUE">Default value</mrgtype><splttype Sync="TRUE">Duplicate</splttype><domowner Sync="TRUE"/><domfldtp Sync="TRUE">String</domfldtp></stflddd></stfield></subtype><subtype><stname Sync="TRUE">Energy</stname><stcode Sync="TRUE">750</stcode><stfield><stfldnm Sync="TRUE">OWNTYPE</stfldnm><stflddd><domname Sync="TRUE">OwnerType</domname><domdesc Sync="TRUE">The type of owner</domdesc><domtype Sync="TRUE">Coded Value</domtype><mrgtype Sync="TRUE">Default value</mrgtype><splttype Sync="TRUE">Duplicate</splttype><domowner Sync="TRUE"/><domfldtp Sync="TRUE">String</domfldtp></stflddd></stfield><stfield><stfldnm Sync="TRUE">SUBTYPEFIELD</stfldnm><stflddv Sync="TRUE">750</stflddv></stfield><stfield><stfldnm Sync="TRUE">FEATURECODE</stfldnm><stflddv Sync="TRUE">Energy Facility</stflddv><stflddd><domname Sync="TRUE">Energy FCode</domname><domdesc Sync="TRUE">The type of energy facility</domdesc><domtype Sync="TRUE">Coded Value</domtype><mrgtype Sync="TRUE">Default value</mrgtype><splttype Sync="TRUE">Default value</splttype><domowner Sync="TRUE"/><domfldtp Sync="TRUE">String</domfldtp></stflddd></stfield><stfield><stfldnm Sync="TRUE">CAPTUREMETH</stfldnm><stflddd><domname Sync="TRUE">PointCollectionMethod</domname><domdesc Sync="TRUE">The collection method for a point feature</domdesc><domtype Sync="TRUE">Coded Value</domtype><mrgtype Sync="TRUE">Default value</mrgtype><splttype Sync="TRUE">Duplicate</splttype><domowner Sync="TRUE"/><domfldtp Sync="TRUE">String</domfldtp></stflddd></stfield><stfield><stfldnm Sync="TRUE">LOCATIONTYPE</stfldnm><stflddd><domname Sync="TRUE">SiteAddressLocation</domname><domdesc Sync="TRUE">A general description of the physical location represented by the site address point</domdesc><domtype Sync="TRUE">Coded Value</domtype><mrgtype Sync="TRUE">Default value</mrgtype><splttype Sync="TRUE">Duplicate</splttype><domowner Sync="TRUE"/><domfldtp Sync="TRUE">String</domfldtp></stflddd></stfield></subtype><subtype><stname Sync="TRUE">Banking and Finance</stname><stcode Sync="TRUE">760</stcode><stfield><stfldnm Sync="TRUE">OWNTYPE</stfldnm><stflddd><domname Sync="TRUE">OwnerType</domname><domdesc Sync="TRUE">The type of owner</domdesc><domtype Sync="TRUE">Coded Value</domtype><mrgtype Sync="TRUE">Default value</mrgtype><splttype Sync="TRUE">Duplicate</splttype><domowner Sync="TRUE"/><domfldtp Sync="TRUE">String</domfldtp></stflddd></stfield><stfield><stfldnm Sync="TRUE">SUBTYPEFIELD</stfldnm><stflddv Sync="TRUE">760</stflddv></stfield><stfield><stfldnm Sync="TRUE">FEATURECODE</stfldnm><stflddv Sync="TRUE">Banking or Finance Facility</stflddv><stflddd><domname Sync="TRUE">Banking and Finance FCode</domname><domdesc Sync="TRUE">The type of banking and finance facility</domdesc><domtype Sync="TRUE">Coded Value</domtype><mrgtype Sync="TRUE">Default value</mrgtype><splttype Sync="TRUE">Default value</splttype><domowner Sync="TRUE"/><domfldtp Sync="TRUE">String</domfldtp></stflddd></stfield><stfield><stfldnm Sync="TRUE">CAPTUREMETH</stfldnm><stflddd><domname Sync="TRUE">PointCollectionMethod</domname><domdesc Sync="TRUE">The collection method for a point feature</domdesc><domtype Sync="TRUE">Coded Value</domtype><mrgtype Sync="TRUE">Default value</mrgtype><splttype Sync="TRUE">Duplicate</splttype><domowner Sync="TRUE"/><domfldtp Sync="TRUE">String</domfldtp></stflddd></stfield><stfield><stfldnm Sync="TRUE">LOCATIONTYPE</stfldnm><stflddd><domname Sync="TRUE">SiteAddressLocation</domname><domdesc Sync="TRUE">A general description of the physical location represented by the site address point</domdesc><domtype Sync="TRUE">Coded Value</domtype><mrgtype Sync="TRUE">Default value</mrgtype><splttype Sync="TRUE">Duplicate</splttype><domowner Sync="TRUE"/><domfldtp Sync="TRUE">String</domfldtp></stflddd></stfield></subtype><subtype><stname Sync="TRUE">Mail and Shipping</stname><stcode Sync="TRUE">780</stcode><stfield><stfldnm Sync="TRUE">OWNTYPE</stfldnm><stflddd><domname Sync="TRUE">OwnerType</domname><domdesc Sync="TRUE">The type of owner</domdesc><domtype Sync="TRUE">Coded Value</domtype><mrgtype Sync="TRUE">Default value</mrgtype><splttype Sync="TRUE">Duplicate</splttype><domowner Sync="TRUE"/><domfldtp Sync="TRUE">String</domfldtp></stflddd></stfield><stfield><stfldnm Sync="TRUE">SUBTYPEFIELD</stfldnm><stflddv Sync="TRUE">780</stflddv></stfield><stfield><stfldnm Sync="TRUE">FEATURECODE</stfldnm><stflddv Sync="TRUE">Mail or Shipping Facility</stflddv><stflddd><domname Sync="TRUE">Mail and Shipping FCode</domname><domdesc Sync="TRUE">The type of mail or shipping facility</domdesc><domtype Sync="TRUE">Coded Value</domtype><mrgtype Sync="TRUE">Default value</mrgtype><splttype Sync="TRUE">Default value</splttype><domowner Sync="TRUE"/><domfldtp Sync="TRUE">String</domfldtp></stflddd></stfield><stfield><stfldnm Sync="TRUE">CAPTUREMETH</stfldnm><stflddd><domname Sync="TRUE">PointCollectionMethod</domname><domdesc Sync="TRUE">The collection method for a point feature</domdesc><domtype Sync="TRUE">Coded Value</domtype><mrgtype Sync="TRUE">Default value</mrgtype><splttype Sync="TRUE">Duplicate</splttype><domowner Sync="TRUE"/><domfldtp Sync="TRUE">String</domfldtp></stflddd></stfield><stfield><stfldnm Sync="TRUE">LOCATIONTYPE</stfldnm><stflddd><domname Sync="TRUE">SiteAddressLocation</domname><domdesc Sync="TRUE">A general description of the physical location represented by the site address point</domdesc><domtype Sync="TRUE">Coded Value</domtype><mrgtype Sync="TRUE">Default value</mrgtype><splttype Sync="TRUE">Duplicate</splttype><domowner Sync="TRUE"/><domfldtp Sync="TRUE">String</domfldtp></stflddd></stfield></subtype><subtype><stname Sync="TRUE">Building General</stname><stcode Sync="TRUE">790</stcode><stfield><stfldnm Sync="TRUE">OWNTYPE</stfldnm><stflddd><domname Sync="TRUE">OwnerType</domname><domdesc Sync="TRUE">The type of owner</domdesc><domtype Sync="TRUE">Coded Value</domtype><mrgtype Sync="TRUE">Default value</mrgtype><splttype Sync="TRUE">Duplicate</splttype><domowner Sync="TRUE"/><domfldtp Sync="TRUE">String</domfldtp></stflddd></stfield><stfield><stfldnm Sync="TRUE">SUBTYPEFIELD</stfldnm><stflddv Sync="TRUE">790</stflddv></stfield><stfield><stfldnm Sync="TRUE">FEATURECODE</stfldnm><stflddv Sync="TRUE">Building General</stflddv><stflddd><domname Sync="TRUE">Building General FCode</domname><domdesc Sync="TRUE">The type of residential facility</domdesc><domtype Sync="TRUE">Coded Value</domtype><mrgtype Sync="TRUE">Default value</mrgtype><splttype Sync="TRUE">Default value</splttype><domowner Sync="TRUE"/><domfldtp Sync="TRUE">String</domfldtp></stflddd></stfield><stfield><stfldnm Sync="TRUE">CAPTUREMETH</stfldnm><stflddd><domname Sync="TRUE">PointCollectionMethod</domname><domdesc Sync="TRUE">The collection method for a point feature</domdesc><domtype Sync="TRUE">Coded Value</domtype><mrgtype Sync="TRUE">Default value</mrgtype><splttype Sync="TRUE">Duplicate</splttype><domowner Sync="TRUE"/><domfldtp Sync="TRUE">String</domfldtp></stflddd></stfield><stfield><stfldnm Sync="TRUE">LOCATIONTYPE</stfldnm><stflddd><domname Sync="TRUE">SiteAddressLocation</domname><domdesc Sync="TRUE">A general description of the physical location represented by the site address point</domdesc><domtype Sync="TRUE">Coded Value</domtype><mrgtype Sync="TRUE">Default value</mrgtype><splttype Sync="TRUE">Duplicate</splttype><domowner Sync="TRUE"/><domfldtp Sync="TRUE">String</domfldtp></stflddd></stfield></subtype><subtype><stname Sync="TRUE">Health and Medical</stname><stcode Sync="TRUE">800</stcode><stfield><stfldnm Sync="TRUE">OWNTYPE</stfldnm><stflddd><domname Sync="TRUE">OwnerType</domname><domdesc Sync="TRUE">The type of owner</domdesc><domtype Sync="TRUE">Coded Value</domtype><mrgtype Sync="TRUE">Default value</mrgtype><splttype Sync="TRUE">Duplicate</splttype><domowner Sync="TRUE"/><domfldtp Sync="TRUE">String</domfldtp></stflddd></stfield><stfield><stfldnm Sync="TRUE">SUBTYPEFIELD</stfldnm><stflddv Sync="TRUE">800</stflddv></stfield><stfield><stfldnm Sync="TRUE">FEATURECODE</stfldnm><stflddv Sync="TRUE">Health or Medical Facility</stflddv><stflddd><domname Sync="TRUE">Health and Medical FCode</domname><domdesc Sync="TRUE">The type of health or medical facility</domdesc><domtype Sync="TRUE">Coded Value</domtype><mrgtype Sync="TRUE">Default value</mrgtype><splttype Sync="TRUE">Default value</splttype><domowner Sync="TRUE"/><domfldtp Sync="TRUE">String</domfldtp></stflddd></stfield><stfield><stfldnm Sync="TRUE">CAPTUREMETH</stfldnm><stflddd><domname Sync="TRUE">PointCollectionMethod</domname><domdesc Sync="TRUE">The collection method for a point feature</domdesc><domtype Sync="TRUE">Coded Value</domtype><mrgtype Sync="TRUE">Default value</mrgtype><splttype Sync="TRUE">Duplicate</splttype><domowner Sync="TRUE"/><domfldtp Sync="TRUE">String</domfldtp></stflddd></stfield><stfield><stfldnm Sync="TRUE">LOCATIONTYPE</stfldnm><stflddd><domname Sync="TRUE">SiteAddressLocation</domname><domdesc Sync="TRUE">A general description of the physical location represented by the site address point</domdesc><domtype Sync="TRUE">Coded Value</domtype><mrgtype Sync="TRUE">Default value</mrgtype><splttype Sync="TRUE">Duplicate</splttype><domowner Sync="TRUE"/><domfldtp Sync="TRUE">String</domfldtp></stflddd></stfield></subtype><subtype><stname Sync="TRUE">Transportation Facilities</stname><stcode Sync="TRUE">810</stcode><stfield><stfldnm Sync="TRUE">OWNTYPE</stfldnm><stflddd><domname Sync="TRUE">OwnerType</domname><domdesc Sync="TRUE">The type of owner</domdesc><domtype Sync="TRUE">Coded Value</domtype><mrgtype Sync="TRUE">Default value</mrgtype><splttype Sync="TRUE">Duplicate</splttype><domowner Sync="TRUE"/><domfldtp Sync="TRUE">String</domfldtp></stflddd></stfield><stfield><stfldnm Sync="TRUE">SUBTYPEFIELD</stfldnm><stflddv Sync="TRUE">810</stflddv></stfield><stfield><stfldnm Sync="TRUE">FEATURECODE</stfldnm><stflddv Sync="TRUE">Transportation Facility</stflddv><stflddd><domname Sync="TRUE">Transportation Facilities FCode</domname><domdesc Sync="TRUE">The type of transportation facility</domdesc><domtype Sync="TRUE">Coded Value</domtype><mrgtype Sync="TRUE">Default value</mrgtype><splttype Sync="TRUE">Default value</splttype><domowner Sync="TRUE"/><domfldtp Sync="TRUE">String</domfldtp></stflddd></stfield><stfield><stfldnm Sync="TRUE">CAPTUREMETH</stfldnm><stflddd><domname Sync="TRUE">PointCollectionMethod</domname><domdesc Sync="TRUE">The collection method for a point feature</domdesc><domtype Sync="TRUE">Coded Value</domtype><mrgtype Sync="TRUE">Default value</mrgtype><splttype Sync="TRUE">Duplicate</splttype><domowner Sync="TRUE"/><domfldtp Sync="TRUE">String</domfldtp></stflddd></stfield><stfield><stfldnm Sync="TRUE">LOCATIONTYPE</stfldnm><stflddd><domname Sync="TRUE">SiteAddressLocation</domname><domdesc Sync="TRUE">A general description of the physical location represented by the site address point</domdesc><domtype Sync="TRUE">Coded Value</domtype><mrgtype Sync="TRUE">Default value</mrgtype><splttype Sync="TRUE">Duplicate</splttype><domowner Sync="TRUE"/><domfldtp Sync="TRUE">String</domfldtp></stflddd></stfield></subtype><subtype><stname Sync="TRUE">Public Attractions and Landmark Buildings</stname><stcode Sync="TRUE">820</stcode><stfield><stfldnm Sync="TRUE">OWNTYPE</stfldnm><stflddd><domname Sync="TRUE">OwnerType</domname><domdesc Sync="TRUE">The type of owner</domdesc><domtype Sync="TRUE">Coded Value</domtype><mrgtype Sync="TRUE">Default value</mrgtype><splttype Sync="TRUE">Duplicate</splttype><domowner Sync="TRUE"/><domfldtp Sync="TRUE">String</domfldtp></stflddd></stfield><stfield><stfldnm Sync="TRUE">SUBTYPEFIELD</stfldnm><stflddv Sync="TRUE">820</stflddv></stfield><stfield><stfldnm Sync="TRUE">FEATURECODE</stfldnm><stflddd><domname Sync="TRUE">Public Attractions and Landmark Structures FCode</domname><domdesc Sync="TRUE">The type of public attraction or landmark</domdesc><domtype Sync="TRUE">Coded Value</domtype><mrgtype Sync="TRUE">Default value</mrgtype><splttype Sync="TRUE">Default value</splttype><domowner Sync="TRUE"/><domfldtp Sync="TRUE">String</domfldtp></stflddd></stfield><stfield><stfldnm Sync="TRUE">CAPTUREMETH</stfldnm><stflddd><domname Sync="TRUE">PointCollectionMethod</domname><domdesc Sync="TRUE">The collection method for a point feature</domdesc><domtype Sync="TRUE">Coded Value</domtype><mrgtype Sync="TRUE">Default value</mrgtype><splttype Sync="TRUE">Duplicate</splttype><domowner Sync="TRUE"/><domfldtp Sync="TRUE">String</domfldtp></stflddd></stfield><stfield><stfldnm Sync="TRUE">LOCATIONTYPE</stfldnm><stflddd><domname Sync="TRUE">SiteAddressLocation</domname><domdesc Sync="TRUE">A general description of the physical location represented by the site address point</domdesc><domtype Sync="TRUE">Coded Value</domtype><mrgtype Sync="TRUE">Default value</mrgtype><splttype Sync="TRUE">Duplicate</splttype><domowner Sync="TRUE"/><domfldtp Sync="TRUE">String</domfldtp></stflddd></stfield></subtype><subtype><stname Sync="TRUE">Government and Military</stname><stcode Sync="TRUE">830</stcode><stfield><stfldnm Sync="TRUE">OWNTYPE</stfldnm><stflddd><domname Sync="TRUE">OwnerType</domname><domdesc Sync="TRUE">The type of owner</domdesc><domtype Sync="TRUE">Coded Value</domtype><mrgtype Sync="TRUE">Default value</mrgtype><splttype Sync="TRUE">Duplicate</splttype><domowner Sync="TRUE"/><domfldtp Sync="TRUE">String</domfldtp></stflddd></stfield><stfield><stfldnm Sync="TRUE">SUBTYPEFIELD</stfldnm><stflddv Sync="TRUE">830</stflddv></stfield><stfield><stfldnm Sync="TRUE">FEATURECODE</stfldnm><stflddv Sync="TRUE">Government or Military Facility</stflddv><stflddd><domname Sync="TRUE">Government and Military FCode</domname><domdesc Sync="TRUE">The type of government or military facility</domdesc><domtype Sync="TRUE">Coded Value</domtype><mrgtype Sync="TRUE">Default value</mrgtype><splttype Sync="TRUE">Default value</splttype><domowner Sync="TRUE"/><domfldtp Sync="TRUE">String</domfldtp></stflddd></stfield><stfield><stfldnm Sync="TRUE">CAPTUREMETH</stfldnm><stflddd><domname Sync="TRUE">PointCollectionMethod</domname><domdesc Sync="TRUE">The collection method for a point feature</domdesc><domtype Sync="TRUE">Coded Value</domtype><mrgtype Sync="TRUE">Default value</mrgtype><splttype Sync="TRUE">Duplicate</splttype><domowner Sync="TRUE"/><domfldtp Sync="TRUE">String</domfldtp></stflddd></stfield><stfield><stfldnm Sync="TRUE">LOCATIONTYPE</stfldnm><stflddd><domname Sync="TRUE">SiteAddressLocation</domname><domdesc Sync="TRUE">A general description of the physical location represented by the site address point</domdesc><domtype Sync="TRUE">Coded Value</domtype><mrgtype Sync="TRUE">Default value</mrgtype><splttype Sync="TRUE">Duplicate</splttype><domowner Sync="TRUE"/><domfldtp Sync="TRUE">String</domfldtp></stflddd></stfield></subtype><subtype><stname Sync="TRUE">Weather</stname><stcode Sync="TRUE">840</stcode><stfield><stfldnm Sync="TRUE">OWNTYPE</stfldnm><stflddd><domname Sync="TRUE">OwnerType</domname><domdesc Sync="TRUE">The type of owner</domdesc><domtype Sync="TRUE">Coded Value</domtype><mrgtype Sync="TRUE">Default value</mrgtype><splttype Sync="TRUE">Duplicate</splttype><domowner Sync="TRUE"/><domfldtp Sync="TRUE">String</domfldtp></stflddd></stfield><stfield><stfldnm Sync="TRUE">SUBTYPEFIELD</stfldnm><stflddv Sync="TRUE">840</stflddv></stfield><stfield><stfldnm Sync="TRUE">FEATURECODE</stfldnm><stflddv Sync="TRUE">Weather Facility or Structure</stflddv><stflddd><domname Sync="TRUE">Weather FCode</domname><domdesc Sync="TRUE">The type of weather facility</domdesc><domtype Sync="TRUE">Coded Value</domtype><mrgtype Sync="TRUE">Default value</mrgtype><splttype Sync="TRUE">Default value</splttype><domowner Sync="TRUE"/><domfldtp Sync="TRUE">String</domfldtp></stflddd></stfield><stfield><stfldnm Sync="TRUE">CAPTUREMETH</stfldnm><stflddd><domname Sync="TRUE">PointCollectionMethod</domname><domdesc Sync="TRUE">The collection method for a point feature</domdesc><domtype Sync="TRUE">Coded Value</domtype><mrgtype Sync="TRUE">Default value</mrgtype><splttype Sync="TRUE">Duplicate</splttype><domowner Sync="TRUE"/><domfldtp Sync="TRUE">String</domfldtp></stflddd></stfield><stfield><stfldnm Sync="TRUE">LOCATIONTYPE</stfldnm><stflddd><domname Sync="TRUE">SiteAddressLocation</domname><domdesc Sync="TRUE">A general description of the physical location represented by the site address point</domdesc><domtype Sync="TRUE">Coded Value</domtype><mrgtype Sync="TRUE">Default value</mrgtype><splttype Sync="TRUE">Duplicate</splttype><domowner Sync="TRUE"/><domfldtp Sync="TRUE">String</domfldtp></stflddd></stfield></subtype><attr><attrlabl Sync="TRUE">FID</attrlabl><attalias Sync="TRUE">FID</attalias><attrtype Sync="TRUE">OID</attrtype><attwidth Sync="TRUE">4</attwidth><atprecis Sync="TRUE">0</atprecis><attscale Sync="TRUE">0</attscale><attrdef Sync="TRUE">Internal feature number.</attrdef><attrdefs Sync="TRUE">Esri</attrdefs><attrdomv><udom Sync="TRUE">Sequential unique whole numbers that are automatically generated.</udom></attrdomv></attr><subtype><stname Sync="TRUE">Water Supply and Treatment</stname><stcode Sync="TRUE">850</stcode><stfield><stfldnm Sync="TRUE">OWNTYPE</stfldnm><stflddd><domname Sync="TRUE">OwnerType</domname><domdesc Sync="TRUE">The type of owner</domdesc><domtype Sync="TRUE">Coded Value</domtype><mrgtype Sync="TRUE">Default value</mrgtype><splttype Sync="TRUE">Duplicate</splttype><domowner Sync="TRUE"/><domfldtp Sync="TRUE">String</domfldtp></stflddd></stfield><stfield><stfldnm Sync="TRUE">SUBTYPEFIELD</stfldnm><stflddv Sync="TRUE">850</stflddv></stfield><stfield><stfldnm Sync="TRUE">FEATURECODE</stfldnm><stflddv Sync="TRUE">Water Supply or Treatment Facility</stflddv><stflddd><domname Sync="TRUE">Water Supply and Treatment FCode</domname><domdesc Sync="TRUE">The type of water supply or treatment facility</domdesc><domtype Sync="TRUE">Coded Value</domtype><mrgtype Sync="TRUE">Default value</mrgtype><splttype Sync="TRUE">Default value</splttype><domowner Sync="TRUE"/><domfldtp Sync="TRUE">String</domfldtp></stflddd></stfield><stfield><stfldnm Sync="TRUE">CAPTUREMETH</stfldnm><stflddd><domname Sync="TRUE">PointCollectionMethod</domname><domdesc Sync="TRUE">The collection method for a point feature</domdesc><domtype Sync="TRUE">Coded Value</domtype><mrgtype Sync="TRUE">Default value</mrgtype><splttype Sync="TRUE">Duplicate</splttype><domowner Sync="TRUE"/><domfldtp Sync="TRUE">String</domfldtp></stflddd></stfield><stfield><stfldnm Sync="TRUE">LOCATIONTYPE</stfldnm><stflddd><domname Sync="TRUE">SiteAddressLocation</domname><domdesc Sync="TRUE">A general description of the physical location represented by the site address point</domdesc><domtype Sync="TRUE">Coded Value</domtype><mrgtype Sync="TRUE">Default value</mrgtype><splttype Sync="TRUE">Duplicate</splttype><domowner Sync="TRUE"/><domfldtp Sync="TRUE">String</domfldtp></stflddd></stfield></subtype><subtype><stname Sync="TRUE">Information and Communication</stname><stcode Sync="TRUE">880</stcode><stfield><stfldnm Sync="TRUE">OWNTYPE</stfldnm><stflddd><domname Sync="TRUE">OwnerType</domname><domdesc Sync="TRUE">The type of owner</domdesc><domtype Sync="TRUE">Coded Value</domtype><mrgtype Sync="TRUE">Default value</mrgtype><splttype Sync="TRUE">Duplicate</splttype><domowner Sync="TRUE"/><domfldtp Sync="TRUE">String</domfldtp></stflddd></stfield><stfield><stfldnm Sync="TRUE">SUBTYPEFIELD</stfldnm><stflddv Sync="TRUE">880</stflddv></stfield><stfield><stfldnm Sync="TRUE">FEATURECODE</stfldnm><stflddv Sync="TRUE">Information or Communication Facility</stflddv><stflddd><domname Sync="TRUE">Information and Communication FCode</domname><domdesc Sync="TRUE">The type of information technology or communication facility</domdesc><domtype Sync="TRUE">Coded Value</domtype><mrgtype Sync="TRUE">Default value</mrgtype><splttype Sync="TRUE">Default value</splttype><domowner Sync="TRUE"/><domfldtp Sync="TRUE">String</domfldtp></stflddd></stfield><stfield><stfldnm Sync="TRUE">CAPTUREMETH</stfldnm><stflddd><domname Sync="TRUE">PointCollectionMethod</domname><domdesc Sync="TRUE">The collection method for a point feature</domdesc><domtype Sync="TRUE">Coded Value</domtype><mrgtype Sync="TRUE">Default value</mrgtype><splttype Sync="TRUE">Duplicate</splttype><domowner Sync="TRUE"/><domfldtp Sync="TRUE">String</domfldtp></stflddd></stfield><stfield><stfldnm Sync="TRUE">LOCATIONTYPE</stfldnm><stflddd><domname Sync="TRUE">SiteAddressLocation</domname><domdesc Sync="TRUE">A general description of the physical location represented by the site address point</domdesc><domtype Sync="TRUE">Coded Value</domtype><mrgtype Sync="TRUE">Default value</mrgtype><splttype Sync="TRUE">Duplicate</splttype><domowner Sync="TRUE"/><domfldtp Sync="TRUE">String</domfldtp></stflddd></stfield></subtype><attr><attrlabl Sync="TRUE">ADDRESS</attrlabl><attalias Sync="TRUE">ADDRESS</attalias><attrtype Sync="TRUE">String</attrtype><attwidth Sync="TRUE">250</attwidth><atprecis Sync="TRUE">0</atprecis><attscale Sync="TRUE">0</attscale></attr><attr><attrlabl Sync="TRUE">URL</attrlabl><attalias Sync="TRUE">URL</attalias><attrtype Sync="TRUE">String</attrtype><attwidth Sync="TRUE">254</attwidth><atprecis Sync="TRUE">0</atprecis><attscale Sync="TRUE">0</attscale></attr></detailed></eainfo><dataIdInfo><envirDesc Sync="TRUE"> Version 6.2 (Build 9200) ; Esri ArcGIS 10.6.0.8321</envirDesc><dataLang><languageCode value="eng" Sync="TRUE"/><countryCode value="USA" Sync="TRUE"/></dataLang><idCitation><resTitle Sync="TRUE">Libraries_UTM83</resTitle><presForm><PresFormCd value="005" Sync="TRUE"/></presForm></idCitation><spatRpType><SpatRepTypCd value="001" Sync="TRUE"/></spatRpType><dataExt><geoEle><GeoBndBox esriExtentType="search"><exTypeCode Sync="TRUE">1</exTypeCode><westBL Sync="TRUE">-88.243376</westBL><eastBL Sync="TRUE">-88.074077</eastBL><northBL Sync="TRUE">41.826231</northBL><southBL Sync="TRUE">41.671885</southBL></GeoBndBox></geoEle></dataExt><idPurp>Facility Site Points</idPurp><idAbs>&lt;DIV STYLE="text-align:Left;"&gt;&lt;DIV&gt;&lt;DIV&gt;&lt;P&gt;&lt;SPAN&gt;Points that represent significant facility locations in a community. Examples include schools, government facilities, stadiums, casinos, and fire stations. In some cases, there may be multiple FacilitySitePoints for a single FacilitySite polygon. Additional information about each Facility can be organized in to seperate tables and related to these locations using the FacilityID key. The feature classification and type schema for the facility sites grew out of work with the Department of Homeland Security's HSIP Program and has evolved to support a diverse set of facilities inventoried for a variety of uses by a local government. &lt;/SPAN&gt;&lt;/P&gt;&lt;/DIV&gt;&lt;/DIV&gt;&lt;/DIV&gt;</idAbs></dataIdInfo><mdLang><languageCode value="eng" Sync="TRUE"/><countryCode value="USA" Sync="TRUE"/></mdLang><distInfo><distFormat><formatName Sync="TRUE">Shapefile</formatName></distFormat><distTranOps><transSize Sync="TRUE">0.000</transSize></distTranOps></distInfo><mdHrLv><ScopeCd value="005" Sync="TRUE"/></mdHrLv><mdHrLvName Sync="TRUE">dataset</mdHrLvName><refSysInfo><RefSystem><refSysID><identCode code="26917" Sync="TRUE" value="26917"/><idCodeSpace Sync="TRUE">EPSG</idCodeSpace><idVersion Sync="TRUE">6.13(3.0.1)</idVersion></refSysID></RefSystem></refSysInfo><spatRepInfo><VectSpatRep><geometObjs Name="Libraries_UTM83"><geoObjTyp><GeoObjTypCd value="004" Sync="TRUE"></GeoObjTypCd></geoObjTyp><geoObjCnt Sync="TRUE">0</geoObjCnt></geometObjs><topLvl><TopoLevCd value="001" Sync="TRUE"></TopoLevCd></topLvl></VectSpatRep></spatRepInfo><spdoinfo><ptvctinf><esriterm Name="Libraries_UTM83"><efeatyp Sync="TRUE">Simple</efeatyp><efeageom code="1" Sync="TRUE"></efeageom><esritopo Sync="TRUE">FALSE</esritopo><efeacnt Sync="TRUE">0</efeacnt><spindex Sync="TRUE">FALSE</spindex><linrefer Sync="TRUE">FALSE</linrefer></esriterm></ptvctinf></spdoinfo><mdDateSt Sync="TRUE">20200505</mdDateSt></metadata>
